sequence;patient;cell;VJ.segment;CDR3;V.sequence
CTCAGTGAAGGTCTCCTGCAAGGCATCTGGATACACCTTCACCAGCTACTATATGCACTGGGTGCGACAGGCCCCTGGACAAGGGCTTGAGTGGATGGGAATAATCAACCCTAGTGGTGGTAGCACAAGCTACGCACAGAAGTTCCAGGGCAGAGTCACCATGACCAGGGACACGTCCACGAGCACAGTCTACATGGAGCTGAGCAGCCTGAGATCTGAGGACACGGCCGTGTATTACTGTGCTAGAGATCTCACAGGTTGTATTAGTACCAGCTGCTATCCTCCGAACTACTTTGACTACTGGGGCCAGGGAACCCTGGTCACCGTCTCCTCAGGTC;positive;control;IGHV1-46 IGHJ4;GCTAGAGATCTCACAGGTTGTATTAGTACCAGCTGCTATCCTCCGAACTACTTTGACTAC;CTCAGTGAAGGTCTCCTGCAAGGCATCTGGATACACCTTCACCAGCTACTATATGCACTGGGTGCGACAGGCCCCTGGACAAGGGCTTGAGTGGATGGGAATAATCAACCCTAGTGGTGGTAGCACAAGCTACGCACAGAAGTTCCAGGGCAGAGTCACCATGACCAGGGACACGTCCACGAGCACAGTCTACATGGAGCTGAGCAGCCTGAGATCTGAGGACACGGCCGTGTATTACTGTGCTAGAGA
CTCAGTGAAGGTCTCCTGCAAGGCATCTGGATACACCTTCACCAGCTACTATATGCACTGGGTGCGACAGGCCCCTGGACAAGGGCTTGAGTGGATGGGAATAATCAACCCTAGTGGTGGTAGCACAAGCTACGCACAGAAGTTCCAGGGCAGAGTCACCATGACCAGGGACACGTCCACGAGCACAGTCTACATGGAGCTGAGCAGCCTGAGATCTGAGGACACGGCCGTGTATTACTGTGCTAGAGATCTCACAGGTTGTATTAGTACCAGCTGCTATCCTCCGAACTACTTTGACTACTGGGGCCAGGGAACCCTGGTCACTGTCTCCTCAGGTC;positive;control;IGHV1-46 IGHJ4;GCTAGAGATCTCACAGGTTGTATTAGTACCAGCTGCTATCCTCCGAACTACTTTGACTAC;CTCAGTGAAGGTCTCCTGCAAGGCATCTGGATACACCTTCACCAGCTACTATATGCACTGGGTGCGACAGGCCCCTGGACAAGGGCTTGAGTGGATGGGAATAATCAACCCTAGTGGTGGTAGCACAAGCTACGCACAGAAGTTCCAGGGCAGAGTCACCATGACCAGGGACACGTCCACGAGCACAGTCTACATGGAGCTGAGCAGCCTGAGATCTGAGGACACGGCCGTGTATTACTGTGCTAGAGA
CTCAGTGAAGGTCTCCTGCAAGGCATCTGGATACACCTTCACCAGCTACTATATGCACTGGGTGCGACAGGCCCCTGGACAAGGGCTTGAGTGGATGGGAATAATCAACCCTAGTGGTGGTAGCACAAGCTACGCACAGAAGTTCCAGGGCAGAGTCACCATGACCAGGGACACGTCCACGAGCACAGTCTACATGGAGCTGAGCAGCCTGAGATCTGAGGACACGGCCGTGTATTACTGTGCTAGAGATCTCACAGGTTGTATTAGTACCAGCTGCTATCCTCCGAACTACTTTGACTACTGGGGCCAGGGAACCCTGGTCACCGTCTCCTCAGGTT;positive;control;IGHV1-46 IGHJ4;GCTAGAGATCTCACAGGTTGTATTAGTACCAGCTGCTATCCTCCGAACTACTTTGACTAC;CTCAGTGAAGGTCTCCTGCAAGGCATCTGGATACACCTTCACCAGCTACTATATGCACTGGGTGCGACAGGCCCCTGGACAAGGGCTTGAGTGGATGGGAATAATCAACCCTAGTGGTGGTAGCACAAGCTACGCACAGAAGTTCCAGGGCAGAGTCACCATGACCAGGGACACGTCCACGAGCACAGTCTACATGGAGCTGAGCAGCCTGAGATCTGAGGACACGGCCGTGTATTACTGTGCTAGAGA
CTCAGTGAAGGTCTCCTGCAAGGCATCTGGATACACCTTCACCAGCTACTATATGCACTGGGTGCGACAGGCCCCTGGACAAGGGCTTGAGTGGATGGGAATAATCAACCCTAGTGGTGGTAGCACAAGCTACGCACAGAAGTTCCAGGGCAGAGTCACCATGACCAGGGACACGTCCACGAGCACAGTCTACATGGAGCTGAGCAGCCTGAGATCTGAGGACACGGCCGTGTATTACTGTGCTAGAGATCTCACAGGTTGTATTAGTACCAGCTGCTATCCTCCGAACTACTTTGACTACTGGGGCCAGGGAACCCTGGTCACCGTCTCCTCAGGTG;positive;control;IGHV1-46 IGHJ4;GCTAGAGATCTCACAGGTTGTATTAGTACCAGCTGCTATCCTCCGAACTACTTTGACTAC;CTCAGTGAAGGTCTCCTGCAAGGCATCTGGATACACCTTCACCAGCTACTATATGCACTGGGTGCGACAGGCCCCTGGACAAGGGCTTGAGTGGATGGGAATAATCAACCCTAGTGGTGGTAGCACAAGCTACGCACAGAAGTTCCAGGGCAGAGTCACCATGACCAGGGACACGTCCACGAGCACAGTCTACATGGAGCTGAGCAGCCTGAGATCTGAGGACACGGCCGTGTATTACTGTGCTAGAGA
CTCAGTGAAGGTCTCCTGCAAGGCATCTGGATACACCTTCACCAGCTACTATATGCACTGGGTGCGACAGGCCCCTGGACAAGGGCTTGAGTGGATGGGAATAATCAACCCTAGTGGTGGTAGCACAAGCTACGCACAGAAGTTCCAGGGCAGAGTCACCATGACCAGGGACACGTCCACGAGCACAGTCTACATGGAGCTGAGCAGCCTGAGATCTGAGGACACGGCCGTGTATTACTGTGCTAGAGATCTCACAGGTTGTATTAGTACCAGCTGCTATCCTCCGAACTACTTTGACTACTGGGGCCAGGGAACCCTGGTCACCGTCTCCTCAGGTCC;positive;control;IGHV1-46 IGHJ4;GCTAGAGATCTCACAGGTTGTATTAGTACCAGCTGCTATCCTCCGAACTACTTTGACTAC;CTCAGTGAAGGTCTCCTGCAAGGCATCTGGATACACCTTCACCAGCTACTATATGCACTGGGTGCGACAGGCCCCTGGACAAGGGCTTGAGTGGATGGGAATAATCAACCCTAGTGGTGGTAGCACAAGCTACGCACAGAAGTTCCAGGGCAGAGTCACCATGACCAGGGACACGTCCACGAGCACAGTCTACATGGAGCTGAGCAGCCTGAGATCTGAGGACACGGCCGTGTATTACTGTGCTAGAGA
CTCAGTGAAGGTCTCCTGCAAGGCATCTGGATACACCTTCACCAGCTACTATATGCACTGGGTGCGACAGGCCCCTGGACAAGGGCTTGAGTGGATGGGAATAATCAACCCTAGTGGTGGTAGCACAAGCTACGCACAGAAGTTCCAGGGCAGAGTCACCATGACCAGGGACACGTCCACGAGCACAGTCTACATGGAGCTGAGCAGCCTGAGATCTGAGGACACGGCCGTGTATTACTGTGCTAGAGATCTCACAGGTTGTATTAGTACCAGCTGCTATCCTCCGAACTACTTTGACTACTGGGGCCAGGGAACCCTGGTCACTGTCTCCTCAGGTG;positive;control;IGHV1-46 IGHJ4;GCTAGAGATCTCACAGGTTGTATTAGTACCAGCTGCTATCCTCCGAACTACTTTGACTAC;CTCAGTGAAGGTCTCCTGCAAGGCATCTGGATACACCTTCACCAGCTACTATATGCACTGGGTGCGACAGGCCCCTGGACAAGGGCTTGAGTGGATGGGAATAATCAACCCTAGTGGTGGTAGCACAAGCTACGCACAGAAGTTCCAGGGCAGAGTCACCATGACCAGGGACACGTCCACGAGCACAGTCTACATGGAGCTGAGCAGCCTGAGATCTGAGGACACGGCCGTGTATTACTGTGCTAGAGA
TCTCAGTGAAGGTTTCCTGCAAGGCATCTGGATACACCTTCACCAGCTACTATATGCACTGGGTGCGACAGGCCCCTGGACAAGGGCTTGAGTGGATGGGAATAATCAACCCTAGTGGTGGTAGCACAAGCTACGCACAGAAGTTCCAGGGCAGAGTCACCATGACCAGGGACACGTCCACGAGCACAGTCTACATGGAGCTGAGCAGCCTGAGATCTGAGGACACGGCCGTGTATTACTGTGCTAGAGATCTCACAGGTTGTATTAGTACCAGCTGCTATCCTCCGAACTACTTTGACTACTGGGGCCAGGGAACCCTGGTCACCGTCTCCTCAGGTC;positive;control;IGHV1-46 IGHJ4;GCTAGAGATCTCACAGGTTGTATTAGTACCAGCTGCTATCCTCCGAACTACTTTGACTAC;CTCAGTGAAGGTTTCCTGCAAGGCATCTGGATACACCTTCACCAGCTACTATATGCACTGGGTGCGACAGGCCCCTGGACAAGGGCTTGAGTGGATGGGAATAATCAACCCTAGTGGTGGTAGCACAAGCTACGCACAGAAGTTCCAGGGCAGAGTCACCATGACCAGGGACACGTCCACGAGCACAGTCTACATGGAGCTGAGCAGCCTGAGATCTGAGGACACGGCCGTGTATTACTGTGCTAGAGA
CTCAGTGAAGGTCTCCTGCAAGGCATCTGGATACACCTTCACCAGCTACTATATGCACTGGGTGCGACAGGCCCCTGGACAAGGGCTTGAGTGGATGGGAATAATCAACCCTAGTGGTGGTAGCACAAGCTACGCACAGAAGTTCCAGGGCAGAGTCACCATGACCAGGGACACGTCCACGAGCACAGTCTACATGGAGCTGAGCAGCCTGAGATCTGAGGACACGGCCGTGTATTACTGTGCTAGAGATCTCACAGGTTGTATTAGTACCAGCTGCTATCCTCCGAACTACTTTGACTACTGGGGCCAGGGAACCCTGGTCACTGTCTCCTCAGGTA;positive;control;IGHV1-46 IGHJ4;GCTAGAGATCTCACAGGTTGTATTAGTACCAGCTGCTATCCTCCGAACTACTTTGACTAC;CTCAGTGAAGGTCTCCTGCAAGGCATCTGGATACACCTTCACCAGCTACTATATGCACTGGGTGCGACAGGCCCCTGGACAAGGGCTTGAGTGGATGGGAATAATCAACCCTAGTGGTGGTAGCACAAGCTACGCACAGAAGTTCCAGGGCAGAGTCACCATGACCAGGGACACGTCCACGAGCACAGTCTACATGGAGCTGAGCAGCCTGAGATCTGAGGACACGGCCGTGTATTACTGTGCTAGAGA
CTCAGTGAAGGTCTCCTGCAAGGCATCTGGATACACCTTCACCAGCTACTATATGCACTGGGTGCGACAGGCCCCTGGACAAGGGCTTGAGTGGATGGGAATAATCAACCCTAGTGGTGGTAGCACAAGCTACGCACAGAAGTTCCAGGGCAGAGTCACCATGACCAGGGACACGTCCACGAGCACAGTCTACATGGAGCTGAGCAGCCTGAGATCTGAGGACACGGCCGTGTATTACTGTGCTAGAGATCTCACAGGTTGTATTAGTACCAGCTGCTATCCTCCGAACTACTTTGACTACTGGGGCCAGGGAACCCTGGTCACTGTCTCCTCAGGTT;positive;control;IGHV1-46 IGHJ4;GCTAGAGATCTCACAGGTTGTATTAGTACCAGCTGCTATCCTCCGAACTACTTTGACTAC;CTCAGTGAAGGTCTCCTGCAAGGCATCTGGATACACCTTCACCAGCTACTATATGCACTGGGTGCGACAGGCCCCTGGACAAGGGCTTGAGTGGATGGGAATAATCAACCCTAGTGGTGGTAGCACAAGCTACGCACAGAAGTTCCAGGGCAGAGTCACCATGACCAGGGACACGTCCACGAGCACAGTCTACATGGAGCTGAGCAGCCTGAGATCTGAGGACACGGCCGTGTATTACTGTGCTAGAGA
CTCAGTGAAGGTCTCCTGCAAGGCATCTGGATACACCTTCACCAGCTACTATATGCACTGGGTGCGACAGGCCCCTGGACAAGGGCTTGAGTGGATGGGAATAATCAACCCTAGTGGTGGTAGCACAAGCTACGCACAGAAGTTCCAGGGCAGAGTCACCATGACCAGGGACACGTCCACGAGCACAGTCTACATGGAGCTGAGCAGCCTGAGATCTGAGGACACGGCCGTGTATTACTGTGCTAGAGATCTCACAGGTTGTATTAGTACCAGCTGCTATCCTCCGAACTACTTTGACTACTGGGGCCAGGGAACCCTGGTCACCGTCTCCTCAGGTA;positive;control;IGHV1-46 IGHJ4;GCTAGAGATCTCACAGGTTGTATTAGTACCAGCTGCTATCCTCCGAACTACTTTGACTAC;CTCAGTGAAGGTCTCCTGCAAGGCATCTGGATACACCTTCACCAGCTACTATATGCACTGGGTGCGACAGGCCCCTGGACAAGGGCTTGAGTGGATGGGAATAATCAACCCTAGTGGTGGTAGCACAAGCTACGCACAGAAGTTCCAGGGCAGAGTCACCATGACCAGGGACACGTCCACGAGCACAGTCTACATGGAGCTGAGCAGCCTGAGATCTGAGGACACGGCCGTGTATTACTGTGCTAGAGA
CTCAGTGAAGGTCTCCTGCAAGGCATCTGGATACACCTTCACCAGCTACTATATGCACTGGGTGCGACAGGCCCCTGGACAAGGGCTTGAGTGGATGGGAATAATCAACCCTAGTGGTGGTAGCACAAGCTACGCACAGAAGTTCCAGGGCAGAGTCACCATGACCAGGGACACGTCCACGAGCACAGTCTACATGGAGCTGAGCAGCCTGAGATCTGAGGACACGGCCGTGTATTACTGTGCTAGAGATCTCACAGGTTGTATTAGTACCAGCTGCTATCCTCCGAACTACTTTGACTACTGGGGCCAGGGAACCCTGGTCACTGTCTCCTCAGGTCC;positive;control;IGHV1-46 IGHJ4;GCTAGAGATCTCACAGGTTGTATTAGTACCAGCTGCTATCCTCCGAACTACTTTGACTAC;CTCAGTGAAGGTCTCCTGCAAGGCATCTGGATACACCTTCACCAGCTACTATATGCACTGGGTGCGACAGGCCCCTGGACAAGGGCTTGAGTGGATGGGAATAATCAACCCTAGTGGTGGTAGCACAAGCTACGCACAGAAGTTCCAGGGCAGAGTCACCATGACCAGGGACACGTCCACGAGCACAGTCTACATGGAGCTGAGCAGCCTGAGATCTGAGGACACGGCCGTGTATTACTGTGCTAGAGA
ACTCAGTGAAGGTTTCCTGCAAGGCATCTGGATACACCTTCACCAGCTACTATATGCACTGGGTGCGACAGGCCCCTGGACAAGGGCTTGAGTGGATGGGAATAATCAACCCTAGTGGTGGTAGCACAAGCTACGCACAGAAGTTCCAGGGCAGAGTCACCATGACCAGGGACACGTCCACGAGCACAGTCTACATGGAGCTGAGCAGCCTGAGATCTGAGGACACGGCCGTGTATTACTGTGCTAGAGATCTCACAGGTTGTATTAGTACCAGCTGCTATCCTCCGAACTACTTTGACTACTGGGGCCAGGGAACCCTGGTCACCGTCTCCTCAGGTC;positive;control;IGHV1-46 IGHJ4;GCTAGAGATCTCACAGGTTGTATTAGTACCAGCTGCTATCCTCCGAACTACTTTGACTAC;CTCAGTGAAGGTTTCCTGCAAGGCATCTGGATACACCTTCACCAGCTACTATATGCACTGGGTGCGACAGGCCCCTGGACAAGGGCTTGAGTGGATGGGAATAATCAACCCTAGTGGTGGTAGCACAAGCTACGCACAGAAGTTCCAGGGCAGAGTCACCATGACCAGGGACACGTCCACGAGCACAGTCTACATGGAGCTGAGCAGCCTGAGATCTGAGGACACGGCCGTGTATTACTGTGCTAGAGA
GCTCAGTGAAGGTTTCCTGCAAGGCATCTGGATACACCTTCACCAGCTACTATATGCACTGGGTGCGACAGGCCCCTGGACAAGGGCTTGAGTGGATGGGAATAATCAACCCTAGTGGTGGTAGCACAAGCTACGCACAGAAGTTCCAGGGCAGAGTCACCATGACCAGGGACACGTCCACGAGCACAGTCTACATGGAGCTGAGCAGCCTGAGATCTGAGGACACGGCCGTGTATTACTGTGCTAGAGATCTCACAGGTTGTATTAGTACCAGCTGCTATCCTCCGAACTACTTTGACTACTGGGGCCAGGGAACCCTGGTCACCGTCTCCTCAGGTC;positive;control;IGHV1-46 IGHJ4;GCTAGAGATCTCACAGGTTGTATTAGTACCAGCTGCTATCCTCCGAACTACTTTGACTAC;CTCAGTGAAGGTTTCCTGCAAGGCATCTGGATACACCTTCACCAGCTACTATATGCACTGGGTGCGACAGGCCCCTGGACAAGGGCTTGAGTGGATGGGAATAATCAACCCTAGTGGTGGTAGCACAAGCTACGCACAGAAGTTCCAGGGCAGAGTCACCATGACCAGGGACACGTCCACGAGCACAGTCTACATGGAGCTGAGCAGCCTGAGATCTGAGGACACGGCCGTGTATTACTGTGCTAGAGA
CTCAGTGAAGGTCTCCTGCAAGGCATCTGGATACACCTTCACCAGCTACTATATGCACTGGGTGCGACAGGCCCCTGGACAAGGGCTTGAGTGGATGGGAATAATCAACCCTAGTGGTGGTAGCACAAGCTACGCACAGAAGTTCCAGGGCAGAGTCACCATGACCAGGGACACGTCCACGAGCACAGTCTACATGGAGCTGAGCAGCCTGAGATCTGAGGACACGGCCGTGTATTACTGTGCTAGAGATCTCACAGGTTGTATTAGTACCAGCTGCTATCCTCCGAACTACTTTGACTACTGGGGCCAGGGAACCCTGGTCACCGTCTCCTCAGGTGC;positive;control;IGHV1-46 IGHJ4;GCTAGAGATCTCACAGGTTGTATTAGTACCAGCTGCTATCCTCCGAACTACTTTGACTAC;CTCAGTGAAGGTCTCCTGCAAGGCATCTGGATACACCTTCACCAGCTACTATATGCACTGGGTGCGACAGGCCCCTGGACAAGGGCTTGAGTGGATGGGAATAATCAACCCTAGTGGTGGTAGCACAAGCTACGCACAGAAGTTCCAGGGCAGAGTCACCATGACCAGGGACACGTCCACGAGCACAGTCTACATGGAGCTGAGCAGCCTGAGATCTGAGGACACGGCCGTGTATTACTGTGCTAGAGA
CCTCAGTGAAGGTTTCCTGCAAGGCATCTGGATACACCTTCACCAGCTACTATATGCACTGGGTGCGACAGGCCCCTGGACAAGGGCTTGAGTGGATGGGAATAATCAACCCTAGTGGTGGTAGCACAAGCTACGCACAGAAGTTCCAGGGCAGAGTCACCATGACCAGGGACACGTCCACGAGCACAGTCTACATGGAGCTGAGCAGCCTGAGATCTGAGGACACGGCCGTGTATTACTGTGCTAGAGATCTCACAGGTTGTATTAGTACCAGCTGCTATCCTCCGAACTACTTTGACTACTGGGGCCAGGGAACCCTGGTCACCGTCTCCTCAGGTC;positive;control;IGHV1-46 IGHJ4;GCTAGAGATCTCACAGGTTGTATTAGTACCAGCTGCTATCCTCCGAACTACTTTGACTAC;CCTCAGTGAAGGTTTCCTGCAAGGCATCTGGATACACCTTCACCAGCTACTATATGCACTGGGTGCGACAGGCCCCTGGACAAGGGCTTGAGTGGATGGGAATAATCAACCCTAGTGGTGGTAGCACAAGCTACGCACAGAAGTTCCAGGGCAGAGTCACCATGACCAGGGACACGTCCACGAGCACAGTCTACATGGAGCTGAGCAGCCTGAGATCTGAGGACACGGCCGTGTATTACTGTGCTAGAGA
GAGACCCTGTCCCTCACCTGCACTGTCTCTCATGACTCCATCCGTGAAAACTCCTGGGGCTGGATCCGGCAGCCCCCAGGGAAGGGACTGGAGTGGATTGGGTTTATCTATTACAGTGGGAGCGCCAAGTACTCCCCCTCCCTCAAGAGTCGAGTGTCCATATCAATAGACCCGTCGAAGAGGAAGTTCTCCCTGAAACTTAAGTCTGTCACCGCTGCGGACACGGCCGTCTATTACTGTGCGAGACGCAGCAGCTGGTCTCTGTATTACTTTGACTCTTGGGGCCAGGGAATCCTGGTCACCGTCTCCTCAGGTC;negative;control;IGHV4-59 IGHJ4;GCGAGACGCAGCAGCTGGTCTCTGTATTACTTTGACTCT;GAGACCCTGTCCCTCACCTGCACTGTCTCTCATGACTCCATCCGTGAAAACTCCTGGGGCTGGATCCGGCAGCCCCCAGGGAAGGGACTGGAGTGGATTGGGTTTATCTATTACAGTGGGAGCGCCAAGTACTCCCCCTCCCTCAAGAGTCGAGTGTCCATATCAATAGACCCGTCGAAGAGGAAGTTCTCCCTGAAACTTAAGTCTGTCACCGCTGCGGACACGGCCGTCTATTACTGTGCGAGA
GAGACCCTGTCCCTCACCTGCACTGTCTCTGGTGGCTCCATCAGTAGTTACTACTGGAGCTGGATCCGGCAGCCCCCAGGGAAGGGACTGGAGTGGATTGGGTATATCTATTACAGTGGGAGCACCAACTACAACCCCTCCCTCAAGAGTCGAGTCACCATATCAGTAGACACGTCCAAGAACCAGTTCTCCCTGAAGCTGAGCTCTGTGACCGCTGCGGACACGGCCGTGTATTACTGTGCGAGAGTGATTGGTGATAGTAGTTTATTCCTTTTTGACTACTGGGGCCAGGGAACCCTGGTCACCGTCTCCTCAGGTT;negative;control;IGHV4-59 IGHJ4;GCGAGAGTGATTGGTGATAGTAGTTTATTCCTTTTTGACTAC;GAGACCCTGTCCCTCACCTGCACTGTCTCTGGTGGCTCCATCAGTAGTTACTACTGGAGCTGGATCCGGCAGCCCCCAGGGAAGGGACTGGAGTGGATTGGGTATATCTATTACAGTGGGAGCACCAACTACAACCCCTCCCTCAAGAGTCGAGTCACCATATCAGTAGACACGTCCAAGAACCAGTTCTCCCTGAAGCTGAGCTCTGTGACCGCTGCGGACACGGCCGTGTATTACTGTGCGAGAG
GAGACCCTGTCCCTCACCTGCAGTGTCTCTGGTGGCTCCATCAGTGGTAGTAATTACTACTGGGGCTGGATCCGCCAGCCCCCAGGGAAGGAACTGGAGTGGATAGGGAGTATCCATTCTGGTGGAAACACCAACTTCAACCCGTCCCTCAAGAGTCGAGTCATCATATCCGTGGACACGTCCAAGAACCAGTTGTCCCTGCAAATAAATTCTGTGACCGCCGCAGACACGGCGATGTATTACTGTGCGAGACCGGGAGTACGATTTTCAGCTATTCATTGGTTCGACCTCTGGGGCCAGGGAACCCTGGTCACCGTCTCCTCAGGTC;negative;control;IGHV4-39 IGHJ5;GCGAGACCGGGAGTACGATTTTCAGCTATTCATTGGTTCGACCTC;GAGACCCTGTCCCTCACCTGCAGTGTCTCTGGTGGCTCCATCAGTGGTAGTAATTACTACTGGGGCTGGATCCGCCAGCCCCCAGGGAAGGAACTGGAGTGGATAGGGAGTATCCATTCTGGTGGAAACACCAACTTCAACCCGTCCCTCAAGAGTCGAGTCATCATATCCGTGGACACGTCCAAGAACCAGTTGTCCCTGCAAATAAATTCTGTGACCGCCGCAGACACGGCGATGTATTACTGTGCGAGAC
GGTCCCTGAGACTCTCCTGTGCAGCCTCTGGATTCACCTTCAGTAGTTATACCATGAACTGGGTCCGCCAGGCTCCAGGGAAGGGGCTGGAGTGGGTCTCATCCATCAGTAGTAGTATTAATTACATGTACTACGCAGACTCAGTGAAGGGCCGATTCATCATCTCCAGAGACAACGCCAAGAACTCACTGTATCTACAAATGAACAGCCTGAGAGCCGAGGACACGGCTGTGTATTACTGTGCGAGAGATGGTGGGAGCTACGGCCACTGGGGCCAGGGAACCCTGGTCACCGTCTCCTCAGGTC;negative;control;IGHV3-21 IGHJ4;GCGAGAGATGGTGGGAGCTACGGCCAC;GGTCCCTGAGACTCTCCTGTGCAGCCTCTGGATTCACCTTCAGTAGTTATACCATGAACTGGGTCCGCCAGGCTCCAGGGAAGGGGCTGGAGTGGGTCTCATCCATCAGTAGTAGTATTAATTACATGTACTACGCAGACTCAGTGAAGGGCCGATTCATCATCTCCAGAGACAACGCCAAGAACTCACTGTATCTACAAATGAACAGCCTGAGAGCCGAGGACACGGCTGTGTATTACTGTGCGAGAGA
GGTCCCTGAGACTCTCCTGTGCAGCCTCTGGATTCACCTTCAGTAGTTATAGCATGTATTGGGTCCGCCAGGCTCCAGGGGAGGGGCTGGAGTGGGTCTCATTCATTACCAGTACTCTTAGTTCCACATACTACGCAGACTCAGTGCAGGGCCGATTCACCATCTCCAGAGACAACGCCAAGAACTCACTGTATCTGCAAATGAACAGCCTGAGTGCCGACGACACGGCAGTCTATTACTGTGCGAGAGGCGCATATTGTAGTAGTATCACCTGCTACTTTGACTACTGGGGCCAGGGAACCCTGGTCACCGTCTCCTCAGGTC;negative;control;IGHV3-21 IGHJ4;GCGAGAGGCGCATATTGTAGTAGTATCACCTGCTACTTTGACTAC;GGTCCCTGAGACTCTCCTGTGCAGCCTCTGGATTCACCTTCAGTAGTTATAGCATGTATTGGGTCCGCCAGGCTCCAGGGGAGGGGCTGGAGTGGGTCTCATTCATTACCAGTACTCTTAGTTCCACATACTACGCAGACTCAGTGCAGGGCCGATTCACCATCTCCAGAGACAACGCCAAGAACTCACTGTATCTGCAAATGAACAGCCTGAGTGCCGACGACACGGCAGTCTATTACTGTGCGAGAG
GGTCCCTGAGACTCTCCTGTGCAGCCTCTGGATTCACTTTCAATGACTATAGTATGAACTGGGTCCGCCAGGTTCCAGGGAAGGGGCTGCAGTGGGTCTCATCCATTAGTGGAAGTACTGGTTACATATACTACACCGACTCAGTGAAGGGCCGATTCACCATCTCCAGAGACAACACCAAGAACTCACTGTATCTGCAAATGAACAGCCTGAGAGCCGAGGATACGGCTCTATATTACTGTGCGAGAGGGCAATATAGCAGCATCTGGCACTTTGACTTCTGGGGCCAGGGAACCCTGGTCACCGTCTCCTCAGGTC;negative;control;IGHV3-21 IGHJ4;GCGAGAGGGCAATATAGCAGCATCTGGCACTTTGACTTC;GGTCCCTGAGACTCTCCTGTGCAGCCTCTGGATTCACTTTCAATGACTATAGTATGAACTGGGTCCGCCAGGTTCCAGGGAAGGGGCTGCAGTGGGTCTCATCCATTAGTGGAAGTACTGGTTACATATACTACACCGACTCAGTGAAGGGCCGATTCACCATCTCCAGAGACAACACCAAGAACTCACTGTATCTGCAAATGAACAGCCTGAGAGCCGAGGATACGGCTCTATATTACTGTGCGAGAG
GAGACCCTGTCCCTCACCTGCACTGTCTCTCATGACTCCATCCGTGAAAACTCCTGGGGCTGGATCCGGCAGCCCCCAGGGAAGGGACTGGAGTGGATTGGGTTTATCTATTACAGTGGGAGCGCCAAGTACTCCCCCTCCCTCAAGAGTCGAGTGTCCATATCAATAGACCCGTCGAAGAGGAAGTTCTCCCTGAAACTTAAGTCTGTCACCGCTGCGGACACGGCCGTCTATTACTGTGCGAGACGCAGCAGCTGGTCTCTGTATTACTTTGACTCTTGGGGCCAGGGAATCCTGGTCACCGTCTCCTCAGGTT;negative;control;IGHV4-59 IGHJ4;GCGAGACGCAGCAGCTGGTCTCTGTATTACTTTGACTCT;GAGACCCTGTCCCTCACCTGCACTGTCTCTCATGACTCCATCCGTGAAAACTCCTGGGGCTGGATCCGGCAGCCCCCAGGGAAGGGACTGGAGTGGATTGGGTTTATCTATTACAGTGGGAGCGCCAAGTACTCCCCCTCCCTCAAGAGTCGAGTGTCCATATCAATAGACCCGTCGAAGAGGAAGTTCTCCCTGAAACTTAAGTCTGTCACCGCTGCGGACACGGCCGTCTATTACTGTGCGAGA
GAGACCCTGTCCCTCACCTGCACTGTCTCTGGTGGCTCCATCAGCAGTAGTAGTTACTACTGGGGCTGGATCCGCCAGCCCCCAGGGAAGGGGCTGGAGTGGATTGGGAGTATCTATTATAGTGGGAGCACCTACTACAACCCGTCCCTCAAGAGTCGAGTCACCATATCCGTAGACACGTCCAAGAACCAGTTCTCCCTGAAGCTGAGCTCTGTGACCGCCGCAGACACGGCTGTGTATTACTGTGCGAGAACCGGATACAGCTATGGCCCGACGGGAAACTGGTTCGACCCCTGGGGCCAGGGAACCCTGGTCACCGTCTCCTCAGGTC;negative;control;IGHV4-39 IGHJ5;GCGAGAACCGGATACAGCTATGGCCCGACGGGAAACTGGTTCGACCCC;GAGACCCTGTCCCTCACCTGCACTGTCTCTGGTGGCTCCATCAGCAGTAGTAGTTACTACTGGGGCTGGATCCGCCAGCCCCCAGGGAAGGGGCTGGAGTGGATTGGGAGTATCTATTATAGTGGGAGCACCTACTACAACCCGTCCCTCAAGAGTCGAGTCACCATATCCGTAGACACGTCCAAGAACCAGTTCTCCCTGAAGCTGAGCTCTGTGACCGCCGCAGACACGGCTGTGTATTACTGTGCGAGA
GGTCCCTGAGACTCTCCTGTGCAGCCTCTGGATTCAACTTCAGGAACCACTGGATGCACTGGGTCCGCCAAGCTCCAGGGAAGGGGCTCGTGTGGGTCTCTCATGTTCGTCATGATGGGAGTGATAAAAAGTATGTGGACTCCGTGAAGGGCCGATTCACCATCTCCAGAGACAACGCCAAGAACACGCTGTATCTGGAAATGGGCAGTCTGAGAGTCGAAGATACGGCTGTCTATTACTGTGCCCGAGACTGGCACTACGGTCTGGACCTCTGGGGCCAAGGGACCACGGTCACCGTCTCCTCAGGTT;negative;control;IGHV3-74 IGHJ6;GCCCGAGACTGGCACTACGGTCTGGACCTC;GGTCCCTGAGACTCTCCTGTGCAGCCTCTGGATTCAACTTCAGGAACCACTGGATGCACTGGGTCCGCCAAGCTCCAGGGAAGGGGCTCGTGTGGGTCTCTCATGTTCGTCATGATGGGAGTGATAAAAAGTATGTGGACTCCGTGAAGGGCCGATTCACCATCTCCAGAGACAACGCCAAGAACACGCTGTATCTGGAAATGGGCAGTCTGAGAGTCGAAGATACGGCTGTCTATTACTGTGCCCGAGA
GGTCCCTGAGACTCTCCTGTGCAGCCTCTGGATTCACCTTCAGTAGCTATGGCATGCACTGGGTCCGCCAGGCTCCAGGCAAGGGGCTGGAGTGGGTGGCAGTTATATGGTATGATGGAAGTAATAAATACTATGCAGACTCCGTGAAGGGCCGATTCACCATCTCCAGAGACAATTCCAAGAACACGCTGTATCTGCAAATGAACAGCCTGAGAGCCGAGGACACGGCTGTGTATTACTGTGCGAGCCTTCAGGGAGTCCTTGACTACTGGGGCCAGGGAACCCTGGTCACCGTCTCCTCAGGTC;negative;control;IGHV3-33 IGHJ4;GCGAGCCTTCAGGGAGTCCTTGACTAC;GGTCCCTGAGACTCTCCTGTGCAGCCTCTGGATTCACCTTCAGTAGCTATGGCATGCACTGGGTCCGCCAGGCTCCAGGCAAGGGGCTGGAGTGGGTGGCAGTTATATGGTATGATGGAAGTAATAAATACTATGCAGACTCCGTGAAGGGCCGATTCACCATCTCCAGAGACAATTCCAAGAACACGCTGTATCTGCAAATGAACAGCCTGAGAGCCGAGGACACGGCTGTGTATTACTGTGCGAG
GGTCCCTGAGACTCTCCTGTGCAGCCTCTGGATTCACCTTCAGTATCTATAGCATGAACTGGGTCCGCCAGGCTCCAGGGAAGGGGCTGGAGTGGGTTTCATACATTAGTAGTAGTAGTAGTACCATATACTACGCAGACTCTGTGAAGGGCCGATTCACCATCTCCAGAGACAATGCCAAGAACTCACTGTATCTGCAAATGAACAGCCTGAGAGACGAGGACACGGCTGTGTATTACTGTGCGAGAGCGACGGGCAGCTCGCGGGGTGTTGATGCTTTTGATATCTGGGGCCAAGGGACAATGGTCACCGTCTCCTCAGGTC;negative;control;IGHV3-48 IGHJ3;GCGAGAGCGACGGGCAGCTCGCGGGGTGTTGATGCTTTTGATATC;GGTCCCTGAGACTCTCCTGTGCAGCCTCTGGATTCACCTTCAGTATCTATAGCATGAACTGGGTCCGCCAGGCTCCAGGGAAGGGGCTGGAGTGGGTTTCATACATTAGTAGTAGTAGTAGTACCATATACTACGCAGACTCTGTGAAGGGCCGATTCACCATCTCCAGAGACAATGCCAAGAACTCACTGTATCTGCAAATGAACAGCCTGAGAGACGAGGACACGGCTGTGTATTACTGTGCGAGAG
GGTCCCTGAGACTCTCCTGTGCAGCCTCTGGATTCACCTTCAGTGACTACTACATGACCTGGATCCGCCAGGCTCCAGGGAAGGGGCTGGAGTGGGTTTCATACATTACTAGAAGTGGTGGTAGCACACACTACGCAGACTCTGTGAAGGGCCGATTCACCATCTCCAGGGACAACGGCAAGAACTCACTGTATCTTCAAATGAACAGCCTGAGAGCCGAGGACACGGCCATATATTACTGTGCGAGAAGTAGTGATGCTTTTGATATCTGGGGCCAAGGGACAATGGTCACCGTCTCCTCAGGTC;negative;control;IGHV3-11 IGHJ3;GCGAGAAGTAGTGATGCTTTTGATATC;GGTCCCTGAGACTCTCCTGTGCAGCCTCTGGATTCACCTTCAGTGACTACTACATGACCTGGATCCGCCAGGCTCCAGGGAAGGGGCTGGAGTGGGTTTCATACATTACTAGAAGTGGTGGTAGCACACACTACGCAGACTCTGTGAAGGGCCGATTCACCATCTCCAGGGACAACGGCAAGAACTCACTGTATCTTCAAATGAACAGCCTGAGAGCCGAGGACACGGCCATATATTACTGTGCGAGA
GGTCCCTGAGACTCTCCTGTGCAGCCTCTGGATTCACCTTGAATAACTACGACATGCACTGGGTCCGCCAGCCTACAGGAAAAGGTCCGGAGTGGGTCGCAGCTACTGGTATTGCTGGTGACACATTCTATGCAGACTCCGTGAAGGGCCGATTCACCATCTCCAGAGAAAATGCCAAGAACTCCTTGTATCTTCAAATCAACAGCCTGAGAGCCGGGGACACGGCTGTCTATTACTGTGCAAGAGGCAGATACGACTACGGTGGGGGGCCGACCTGGTTCGACCCCTGGGGCCAGGGAACCCTGGTCACCGTCTCCTCAGGTC;negative;control;IGHV3-13 IGHJ5;GCAAGAGGCAGATACGACTACGGTGGGGGGCCGACCTGGTTCGACCCC;GGTCCCTGAGACTCTCCTGTGCAGCCTCTGGATTCACCTTGAATAACTACGACATGCACTGGGTCCGCCAGCCTACAGGAAAAGGTCCGGAGTGGGTCGCAGCTACTGGTATTGCTGGTGACACATTCTATGCAGACTCCGTGAAGGGCCGATTCACCATCTCCAGAGAAAATGCCAAGAACTCCTTGTATCTTCAAATCAACAGCCTGAGAGCCGGGGACACGGCTGTCTATTACTGTGCAAGAG
GGTCCCTGAGACTCTCCTGTGCAGCCTCTGGATTCAGCTTCAGTACCTCTAACATGGACTGGGTCCGCCAGGCTCCAGGGAAGGGGCTGGAGTGGGTCTCATCCATTAGTAGAGATGTTGGTTACATGTACTACGCATACTCGGTGCGGGGCCGATTCACCATCTCCAGAGACAACACCAAGAACTCACTCTATCTGCAGATGGACAGCCTGACAGCCGAGGACACGGCTGTCTATTACTGCGCGAGAGATCTAGATACACCTATGCTTAGGTCGGGTGGTCCTCACTACTGGGGCCAGGGAACCCTGGTCACCGTCTCCTCAGGTC;negative;control;IGHV3-21 IGHJ4;GCGAGAGATCTAGATACACCTATGCTTAGGTCGGGTGGTCCTCACTAC;GGTCCCTGAGACTCTCCTGTGCAGCCTCTGGATTCAGCTTCAGTACCTCTAACATGGACTGGGTCCGCCAGGCTCCAGGGAAGGGGCTGGAGTGGGTCTCATCCATTAGTAGAGATGTTGGTTACATGTACTACGCATACTCGGTGCGGGGCCGATTCACCATCTCCAGAGACAACACCAAGAACTCACTCTATCTGCAGATGGACAGCCTGACAGCCGAGGACACGGCTGTCTATTACTGCGCGAGAGA
GGTCCCTGAGACTCTCCTGTGCAGCGTCTGGATTCACCTTCAGTAGCTATGGCATGCACTGGGTCCGCCAGGCTCCAGGCAAGGGGCTGGAGTGGGTGACATTTATACGGTATGATGGAACTAATAAATACTATGTAGACTCCGTGAAGGGCCGATTCACCATCTCCAGAGACAATCCCAAGAACACGCTGTATCTGCAAATGAACAGCCTGAGAGCTGAGGACACGGCTGTGTATTACTGTGCGAAAGATCTAGCAGAAGCTGGTACGCCCTACGGCGTTGACTACTGGGGCCAGGGAACCCTGGTCACCGTCTCCTCAGGTC;negative;control;IGHV3-30 IGHJ4;GCGAAAGATCTAGCAGAAGCTGGTACGCCCTACGGCGTTGACTAC;GGTCCCTGAGACTCTCCTGTGCAGCGTCTGGATTCACCTTCAGTAGCTATGGCATGCACTGGGTCCGCCAGGCTCCAGGCAAGGGGCTGGAGTGGGTGACATTTATACGGTATGATGGAACTAATAAATACTATGTAGACTCCGTGAAGGGCCGATTCACCATCTCCAGAGACAATCCCAAGAACACGCTGTATCTGCAAATGAACAGCCTGAGAGCTGAGGACACGGCTGTGTATTACTGTGCGAAAGA
